Rank;Sourceid;Title;Type;Issn;SJR;SJR Quartile;H index;Total Docs. (2023);Total Docs. (3years);Total Refs.;Total Cites (3years);Citable Docs. (3years);Cites / Doc. (2years);Ref. / Doc.;%Female;Overton;SDG;Country;Region;Publisher;Coverage;Categories;Areas
1;21789;Manufacturing and Service Operations Management;journal;15265498, 15234614;5,466;Q1;110;167;362;7813;2582;359;5,36;46,78;27,79;3;50;United States;Northern America;INFORMS Institute for Operations Research and the Management Sciences;1999-2023;"Management Science and Operations Research (Q1); Strategy and Management (Q1)";"Business, Management and Accounting; Decision Sciences"
2;21307;Management Science;journal;00251909, 15265501;5,438;Q1;290;388;1125;21282;7257;1118;5,57;54,85;23,4;46;104;United States;Northern America;INFORMS Institute for Operations Research and the Management Sciences;1969-2023;"Management Science and Operations Research (Q1); Strategy and Management (Q1)";"Business, Management and Accounting; Decision Sciences"
3;21101041823;Strategy Science;journal;23332077, 23332050;3,292;Q1;26;34;70;3080;289;67;3,64;90,59;33,87;0;10;United States;Northern America;INFORMS Institute for Operations Research and the Management Sciences;2016-2023;"Business and International Management (Q1); Management of Technology and Innovation (Q1); Management Science and Operations Research (Q1); Strategy and Management (Q1)";"Business, Management and Accounting; Decision Sciences"
4;22900;Research Policy;journal;487333;3,219;Q1;289;176;489;15486;4862;483;9,18;87,99;28,36;20;93;Netherlands;Western Europe;Elsevier B.V.;1971-2024;"Engineering (miscellaneous) (Q1); Management of Technology and Innovation (Q1); Management Science and Operations Research (Q1); Strategy and Management (Q1)";"Business, Management and Accounting; Decision Sciences; Engineering"
5;19165;International Journal of Production Economics;journal;9255273;3,074;Q1;231;298;902;20739;12655;889;12;69,59;28,47;0;132;Netherlands;Western Europe;Elsevier B.V.;1991-2024;"Business, Management and Accounting (miscellaneous) (Q1); Economics and Econometrics (Q1); Industrial and Manufacturing Engineering (Q1); Management Science and Operations Research (Q1)";"Business, Management and Accounting; Decision Sciences; Economics, Econometrics and Finance; Engineering"
6;15700;Journal of Management Information Systems;journal;1557928X, 07421222;3,07;Q1;170;48;132;3917;1016;124;5,82;81,6;23,7;0;6;United States;Northern America;M.E. Sharpe Inc.;1987-2023;"Computer Science Applications (Q1); Information Systems and Management (Q1); Management Information Systems (Q1); Management Science and Operations Research (Q1)";"Business, Management and Accounting; Computer Science; Decision Sciences"
7;22405;Production and Operations Management;journal;10591478, 19375956;3,035;Q1;138;223;655;12692;3883;650;5,37;56,91;24,44;4;42;United States;Northern America;Wiley-Blackwell;1992-2023;"Industrial and Manufacturing Engineering (Q1); Management of Technology and Innovation (Q1); Management Science and Operations Research (Q1)";"Business, Management and Accounting; Decision Sciences; Engineering"
8;19169;Journal of Operations Management;journal;18731317, 02726963;3,009;Q1;219;62;122;5143;960;111;6,49;82,95;22,41;3;12;Netherlands;Western Europe;John Wiley & Sons Inc.;1980-1991, 1993-2023;"Computer Science Applications (Q1); Industrial and Manufacturing Engineering (Q1); Management Science and Operations Research (Q1); Strategy and Management (Q1)";"Business, Management and Accounting; Computer Science; Decision Sciences; Engineering"
9;20909;Transportation Research, Part E: Logistics and Transportation Review;journal;13665545;2,884;Q1;144;280;796;17394;9136;789;9,59;62,12;29,57;2;112;United Kingdom;Western Europe;Elsevier Ltd;1997-2023;"Business and International Management (Q1); Civil and Structural Engineering (Q1); Management Science and Operations Research (Q1); Transportation (Q1)";"Business, Management and Accounting; Decision Sciences; Engineering; Social Sciences"
10;20893;Transportation Research Part C: Emerging Technologies;journal;0968090X;2,86;Q1;180;345;1080;20105;11151;1072;8,78;58,28;27,46;0;165;United Kingdom;Western Europe;Elsevier Ltd;1993-2023;"Automotive Engineering (Q1); Civil and Structural Engineering (Q1); Computer Science Applications (Q1); Management Science and Operations Research (Q1); Transportation (Q1)";"Computer Science; Decision Sciences; Engineering; Social Sciences"
11;22238;Operations Research;journal;0030364X, 15265463;2,848;Q1;161;132;400;6302;1292;399;2,63;47,74;15,52;1;11;United States;Northern America;INFORMS Institute for Operations Research and the Management Sciences;1969-2023;"Computer Science Applications (Q1); Management Science and Operations Research (Q1)";"Computer Science; Decision Sciences"
12;27656;International Journal of Production Research;journal;00207543, 1366588X;2,668;Q1;186;623;1197;40150;14676;1179;9,74;64,45;29,17;4;243;United Kingdom;Western Europe;Taylor and Francis Ltd.;1961, 1963-1968, 1970-2023;"Industrial and Manufacturing Engineering (Q1); Management Science and Operations Research (Q1); Strategy and Management (Q1)";"Business, Management and Accounting; Decision Sciences; Engineering"
13;20892;Transportation Research Part B: Methodological;journal;1912615;2,66;Q1;171;114;447;6418;3410;444;6,54;56,3;23,3;0;50;United Kingdom;Western Europe;Elsevier Ltd;1979-2023;"Civil and Structural Engineering (Q1); Management Science and Operations Research (Q1); Transportation (Q1)";"Decision Sciences; Engineering; Social Sciences"
14;21915;Omega;journal;3050483;2,647;Q1;167;138;495;7830;4140;493;8,14;56,74;32,35;0;34;United Kingdom;Western Europe;Elsevier B.V.;1973-2024;"Information Systems and Management (Q1); Management Science and Operations Research (Q1); Strategy and Management (Q1)";"Business, Management and Accounting; Decision Sciences"
15;19700201522;Journal of Business Logistics;journal;21581592, 07353766;2,504;Q1;97;32;77;3574;786;63;11,65;111,69;29,21;2;7;United States;Northern America;John Wiley & Sons Inc.;2001-2023;"Business, Management and Accounting (miscellaneous) (Q1); Management Science and Operations Research (Q1)";"Business, Management and Accounting; Decision Sciences"
16;21100905330;Research Policy: X;journal;25901451;2,428;Q1;3;0;1;0;13;1;0;0;0;0;0;Netherlands;Western Europe;Elsevier B.V.;2019-2020;"Management of Technology and Innovation (Q1); Management Science and Operations Research (Q1); Strategy and Management (Q1)";"Business, Management and Accounting; Decision Sciences"
17;22489;European Journal of Operational Research;journal;3772217;2,321;Q1;305;732;1950;40413;14714;1941;7,26;55,21;26,56;6;172;Netherlands;Western Europe;Elsevier B.V.;1977-2024;"Computer Science (miscellaneous) (Q1); Industrial and Manufacturing Engineering (Q1); Information Systems and Management (Q1); Management Science and Operations Research (Q1); Modeling and Simulation (Q1)";"Computer Science; Decision Sciences; Engineering; Mathematics"
18;20891;Transportation Research, Part A: Policy and Practice;journal;9658564;2,182;Q1;167;248;837;15212;6685;830;6,96;61,34;32,28;7;178;United Kingdom;Western Europe;Elsevier Ltd;1982, 1992-2023;"Aerospace Engineering (Q1); Business, Management and Accounting (miscellaneous) (Q1); Civil and Structural Engineering (Q1); Management Science and Operations Research (Q1); Transportation (Q1)";"Business, Management and Accounting; Decision Sciences; Engineering; Social Sciences"
19;12689;Information Processing and Management;journal;18735371, 03064573;2,134;Q1;123;355;775;22539;8560;765;10,84;63,49;33,85;3;46;United Kingdom;Western Europe;Elsevier Ltd;1975-2024;"Computer Science Applications (Q1); Information Systems (Q1); Library and Information Sciences (Q1); Management Science and Operations Research (Q1); Media Technology (Q1)";"Computer Science; Decision Sciences; Engineering; Social Sciences"
20;18658;Production Planning and Control;journal;09537287, 13665871;2,02;Q1;104;186;324;17600;3657;315;10,23;94,62;27,81;2;102;United Kingdom;Western Europe;Taylor and Francis Ltd.;1990-2023;"Computer Science Applications (Q1); Industrial and Manufacturing Engineering (Q1); Management Science and Operations Research (Q1); Strategy and Management (Q1)";"Business, Management and Accounting; Computer Science; Decision Sciences; Engineering"
21;21101107945;Sustainable Operations and Computers;journal;26664127;1,628;Q1;18;19;59;1216;839;59;13,93;64;27,27;0;14;China;Asiatic Region;KeAi Communications Co.;2020-2023;"Computer Science Applications (Q1); Global and Planetary Change (Q1); Industrial and Manufacturing Engineering (Q1); Management Science and Operations Research (Q1); Renewable Energy, Sustainability and the Environment (Q1)";"Computer Science; Decision Sciences; Energy; Engineering; Environmental Science"
22;24355;Computers and Operations Research;journal;03050548, 1873765X;1,574;Q1;184;283;792;13842;4624;790;5,22;48,91;25,57;0;43;United Kingdom;Western Europe;Elsevier Ltd;1974-2024;"Computer Science (miscellaneous) (Q1); Management Science and Operations Research (Q1); Modeling and Simulation (Q1)";"Computer Science; Decision Sciences; Mathematics"
23;11700154366;Journal of Leadership and Organizational Studies;journal;19397089, 15480518;1,549;Q1;60;28;84;2585;562;83;5,6;92,32;42,55;0;1;United States;Northern America;SAGE Publications Inc.;1996-1999, 2008-2023;"Business and International Management (Q1); Management Science and Operations Research (Q1); Organizational Behavior and Human Resource Management (Q1); Sociology and Political Science (Q1); Strategy and Management (Q1)";"Business, Management and Accounting; Decision Sciences; Social Sciences"
24;21100943534;Transportation Research Interdisciplinary Perspectives;journal;25901982;1,484;Q1;45;229;597;13919;4401;593;4,87;60,78;36,43;2;167;United Kingdom;Western Europe;Elsevier Ltd;2019-2023;"Automotive Engineering (Q1); Civil and Structural Engineering (Q1); Environmental Science (miscellaneous) (Q1); Geography, Planning and Development (Q1); Management Science and Operations Research (Q1); Transportation (Q1); Urban Studies (Q1)";"Decision Sciences; Engineering; Environmental Science; Social Sciences"
25;12512;Journal of Management in Engineering - ASCE;journal;19435479, 0742597X;1,475;Q1;92;73;367;5324;2544;364;6,12;72,93;25,98;0;27;United States;Northern America;American Society of Civil Engineers (ASCE);1985-2023;"Engineering (miscellaneous) (Q1); Industrial Relations (Q1); Management Science and Operations Research (Q1); Strategy and Management (Q1)";"Business, Management and Accounting; Decision Sciences; Engineering"
26;21101092534;Data Science and Management;journal;26667649;1,432;Q1;13;24;45;1290;405;41;9;53,75;38,16;0;10;China;Asiatic Region;KeAi Communications Co.;2021-2023;"Artificial Intelligence (Q1); Computer Science Applications (Q1); Information Systems (Q1); Information Systems and Management (Q1); Management Information Systems (Q1); Management Science and Operations Research (Q1)";"Business, Management and Accounting; Computer Science; Decision Sciences"
27;12100156754;Sport Management Review;journal;14413523;1,429;Q1;78;51;149;3447;841;148;4,97;67,59;40,85;0;11;United Kingdom;Western Europe;Taylor and Francis Ltd.;1998-2023;"Business and International Management (Q1); Management Science and Operations Research (Q1); Marketing (Q1); Organizational Behavior and Human Resource Management (Q1); Sports Science (Q1); Strategy and Management (Q1); Tourism, Leisure and Hospitality Management (Q1)";"Business, Management and Accounting; Decision Sciences; Health Professions"
28;27677;Journal of Manufacturing Processes;journal;15266125;1,39;Q1;94;965;2358;45866;16891;2356;6,89;47,53;23,93;0;384;Netherlands;Western Europe;Elsevier B.V.;1999-2023;"Industrial and Manufacturing Engineering (Q1); Management Science and Operations Research (Q1); Strategy and Management (Q1)";"Business, Management and Accounting; Decision Sciences; Engineering"
29;15700154705;Operations Management Research;journal;19369743, 19369735;1,377;Q1;41;144;137;12769;1315;135;9,36;88,67;23,15;1;72;United States;Northern America;Springer New York;2008-2023;"Industrial and Manufacturing Engineering (Q1); Management of Technology and Innovation (Q1); Management Science and Operations Research (Q1); Strategy and Management (Q1)";"Business, Management and Accounting; Decision Sciences; Engineering"
30;5100155103;Journal of Informetrics;journal;18755879, 17511577;1,355;Q1;90;82;266;4671;1126;264;4,01;56,96;33,19;0;13;Netherlands;Western Europe;Elsevier B.V.;2007-2023;"Applied Mathematics (Q1); Computer Science Applications (Q1); Library and Information Sciences (Q1); Management Science and Operations Research (Q1); Modeling and Simulation (Q1); Statistics and Probability (Q1)";"Computer Science; Decision Sciences; Mathematics; Social Sciences"
31;20654;Journal of Managerial Psychology;journal;2683946;1,337;Q1;99;53;134;3162;623;127;3,7;59,66;46,58;0;11;United Kingdom;Western Europe;Emerald Group Publishing Ltd.;1986-2023;"Applied Psychology (Q1); Management Science and Operations Research (Q1); Organizational Behavior and Human Resource Management (Q1); Social Psychology (Q1)";"Business, Management and Accounting; Decision Sciences; Psychology"
32;11400153310;International Journal of Logistics Research and Applications;journal;13675567, 1469848X;1,322;Q1;59;131;198;10384;1633;195;7,86;79,27;33,33;3;65;United Kingdom;Western Europe;Taylor and Francis Ltd.;2003-2023;"Business and International Management (Q1); Computer Science Applications (Q1); Control and Systems Engineering (Q1); Information Systems (Q1); Management Information Systems (Q1); Management of Technology and Innovation (Q1); Management Science and Operations Research (Q1); Strategy and Management (Q1)";"Business, Management and Accounting; Computer Science; Decision Sciences; Engineering"
33;18291;Socio-Economic Planning Sciences;journal;380121;1,315;Q1;68;268;546;17429;3713;538;6,97;65,03;36,69;2;176;United Kingdom;Western Europe;Elsevier Ltd;1967-2023;"Economics and Econometrics (Q1); Geography, Planning and Development (Q1); Management Science and Operations Research (Q1); Statistics, Probability and Uncertainty (Q1); Strategy and Management (Q1)";"Business, Management and Accounting; Decision Sciences; Economics, Econometrics and Finance; Social Sciences"
34;25040;INFORMS Journal on Computing;journal;10919856, 15265528;1,264;Q1;90;75;368;3297;943;356;2,28;43,96;22,17;0;8;United States;Northern America;INFORMS Institute for Operations Research and the Management Sciences;1996-2001, 2003-2023;"Computer Science Applications (Q1); Information Systems (Q1); Management Science and Operations Research (Q1); Software (Q1)";"Computer Science; Decision Sciences"
35;15961;Naval Research Logistics;journal;15206750, 0894069X;1,26;Q1;77;63;175;2547;503;173;2,31;40,43;27,68;0;6;United States;Northern America;John Wiley & Sons Inc.;1973-1978, 1987-2023;"Management Science and Operations Research (Q1); Modeling and Simulation (Q1); Ocean Engineering (Q1)";"Decision Sciences; Engineering; Mathematics"
36;19700182731;Egyptian Informatics Journal;journal;11108665, 20904754;1,22;Q1;50;59;132;2774;1034;132;7,97;47,02;29,52;0;10;Netherlands;Western Europe;Elsevier B.V.;2010-2023;"Computer Science Applications (Q1); Information Systems (Q1); Management Science and Operations Research (Q1)";"Computer Science; Decision Sciences"
37;22140;Mathematics of Operations Research;journal;15265471, 0364765X;1,215;Q1;92;93;268;3934;540;268;1,86;42,3;15,83;0;4;United States;Northern America;INFORMS Institute for Operations Research and the Management Sciences;1976-1989, 1995-2023;"Computer Science Applications (Q1); Management Science and Operations Research (Q1); Mathematics (miscellaneous) (Q1)";"Computer Science; Decision Sciences; Mathematics"
38;21101061990;Journal of Applied Structural Equation Modeling;journal;25904221;1,153;Q1;11;10;32;953;263;32;4,1;95,3;30,43;0;2;Malaysia;Asiatic Region;Sarawak Research Society;2017-2023;"Business, Management and Accounting (miscellaneous) (Q1); Management Science and Operations Research (Q1); Statistics, Probability and Uncertainty (Q1)";"Business, Management and Accounting; Decision Sciences"
39;144656;Management Decision;journal;251747;1,144;Q1;126;268;459;24164;2978;443;5,39;90,16;34,99;0;106;United Kingdom;Western Europe;Emerald Group Publishing Ltd.;1967-2023;"Business, Management and Accounting (miscellaneous) (Q1); Management Science and Operations Research (Q1)";"Business, Management and Accounting; Decision Sciences"
40;21100197952;Journal of Rail Transport Planning and Management;journal;22109706;1,117;Q1;33;35;93;1351;421;90;3,2;38,6;18,42;3;10;Netherlands;Western Europe;Elsevier B.V.;2011-2023;"Civil and Structural Engineering (Q1); Computer Science Applications (Q1); Management Science and Operations Research (Q1); Modeling and Simulation (Q1); Transportation (Q2)";"Computer Science; Decision Sciences; Engineering; Mathematics; Social Sciences"
41;21101021638;Stochastic Systems;journal;19465238;1,11;Q1;8;17;46;748;87;46;1,39;44;13,95;0;0;United States;Northern America;INFORMS Institute for Operations Research and the Management Sciences;2019-2023;"Management Science and Operations Research (Q1); Modeling and Simulation (Q1); Statistics and Probability (Q1); Statistics, Probability and Uncertainty (Q1)";"Decision Sciences; Mathematics"
42;20500195043;Research in Transportation Business and Management;journal;22105395;1,1;Q1;52;133;321;8467;1597;311;4,71;63,66;32,12;1;84;Netherlands;Western Europe;Elsevier B.V.;2011-2023;"Business and International Management (Q1); Decision Sciences (miscellaneous) (Q1); Economics, Econometrics and Finance (miscellaneous) (Q1); Management Science and Operations Research (Q1); Strategy and Management (Q1); Tourism, Leisure and Hospitality Management (Q1); Transportation (Q2)";"Business, Management and Accounting; Decision Sciences; Economics, Econometrics and Finance; Social Sciences"
43;21100862198;EURO Journal on Transportation and Logistics;journal;21924384, 21924376;1,085;Q1;28;21;68;885;208;62;2,6;42,14;23,21;0;5;Netherlands;Western Europe;Elsevier B.V.;2013-2023;"Management Science and Operations Research (Q1); Modeling and Simulation (Q1); Transportation (Q2)";"Decision Sciences; Mathematics; Social Sciences"
44;22236;Journal of the Operational Research Society;journal;01605682, 14769360;1,045;Q1;124;246;511;13398;2159;507;3,96;54,46;30,78;1;48;United Kingdom;Western Europe;Taylor and Francis Ltd.;1978-2023;"Management Information Systems (Q1); Management Science and Operations Research (Q1); Modeling and Simulation (Q1); Statistics, Probability and Uncertainty (Q1); Strategy and Management (Q1); Marketing (Q2)";"Business, Management and Accounting; Decision Sciences; Mathematics"
45;20575;Journal of Engineering and Technology Management - JET-M;journal;18791719, 09234748;1,042;Q1;75;37;79;3018;448;79;4,39;81,57;34,74;0;16;Netherlands;Western Europe;Elsevier B.V.;1989-2023;"Engineering (miscellaneous) (Q1); Industrial Relations (Q1); Information Systems and Management (Q1); Management Science and Operations Research (Q1); Strategy and Management (Q1)";"Business, Management and Accounting; Decision Sciences; Engineering"
46;9700153238;International Transactions in Operational Research;journal;09696016, 14753995;1,027;Q1;66;246;403;14018;1747;397;4,09;56,98;29,69;1;67;Denmark;Western Europe;Blackwell Publishing;1994-2024;"Business and International Management (Q1); Computer Science Applications (Q1); Management Science and Operations Research (Q1); Strategy and Management (Q1); Management of Technology and Innovation (Q2)";"Business, Management and Accounting; Computer Science; Decision Sciences"
47;23090;Annals of Operations Research;journal;02545330, 15729338;1,019;Q1;125;968;1551;56519;7529;1524;4,85;58,39;29,46;4;346;Netherlands;Western Europe;Springer Netherlands;1984-2023;"Management Science and Operations Research (Q1); Decision Sciences (miscellaneous) (Q2)";Decision Sciences
48;21100299408;Supply Chain Forum;journal;16246039, 16258312;0,996;Q1;26;51;83;4021;563;80;4,54;78,84;29,11;0;21;United Kingdom;Western Europe;Taylor and Francis Ltd.;2013-2023;"Business and International Management (Q1); Management Science and Operations Research (Q1); Management of Technology and Innovation (Q2)";"Business, Management and Accounting; Decision Sciences"
49;21100827466;EURO Journal on Computational Optimization;journal;21924406, 21924414;0,983;Q1;19;26;63;1007;178;59;3,13;38,73;19,05;0;3;Germany;Western Europe;Elsevier B.V.;2013-2023;"Computational Mathematics (Q1); Control and Optimization (Q1); Management Science and Operations Research (Q1); Modeling and Simulation (Q1)";"Decision Sciences; Mathematics"
50;21184;Journal of Quality Technology;journal;224065;0,975;Q2;94;41;97;1631;316;89;3,4;39,78;25,4;0;6;United States;Northern America;Taylor and Francis Ltd.;1969-1979, 1982-1984, 1994-2023;"Industrial and Manufacturing Engineering (Q1); Safety, Risk, Reliability and Quality (Q1); Management Science and Operations Research (Q2); Strategy and Management (Q2)";"Business, Management and Accounting; Decision Sciences; Engineering"
51;56494;OR Spectrum;journal;01716468, 14366304;0,958;Q2;79;50;115;2574;389;112;3,51;51,48;21,92;1;14;Germany;Western Europe;Springer Verlag;1979-2023;"Business, Management and Accounting (miscellaneous) (Q1); Management Science and Operations Research (Q2)";"Business, Management and Accounting; Decision Sciences"
52;21101151249;Frontiers of Engineering Management;journal;20957513, 20960255;0,953;Q2;12;61;54;3943;237;40;4,39;64,64;39,46;0;27;China;Asiatic Region;Higher Education Press Limited Company;2022-2023;"Decision Sciences (miscellaneous) (Q2); Management Science and Operations Research (Q2)";Decision Sciences
53;21100807851;Journal of Global Operations and Strategic Sourcing;journal;23985364;0,936;Q2;31;50;84;4207;562;78;7,13;84,14;19,85;0;26;United Kingdom;Western Europe;Emerald Group Publishing Ltd.;2017-2023;"Management Science and Operations Research (Q2); Organizational Behavior and Human Resource Management (Q2); Strategy and Management (Q2)";"Business, Management and Accounting; Decision Sciences"
54;21101065044;Sustainable Futures;journal;26661888;0,92;Q2;16;41;92;2583;576;92;4,13;63;38,02;1;33;United Kingdom;Western Europe;Elsevier B.V.;2019-2023;"Sociology and Political Science (Q1); Management of Technology and Innovation (Q2); Management Science and Operations Research (Q2)";"Business, Management and Accounting; Decision Sciences; Social Sciences"
55;21100886529;International Journal of Systems Science: Operations and Logistics;journal;23302674, 23302682;0,919;Q2;30;121;82;6638;485;82;6,02;54,86;25;1;42;United Kingdom;Western Europe;Taylor and Francis Ltd.;2014-2023;"Information Systems (Q1); Information Systems and Management (Q1); Management Information Systems (Q1); Management Science and Operations Research (Q2)";"Business, Management and Accounting; Computer Science; Decision Sciences"
56;21101082054;Journal of Safety Science and Resilience;journal;26664496, 20967527;0,895;Q2;15;39;80;2037;463;76;4,46;52,23;41,54;0;17;China;Asiatic Region;KeAi Communications Co.;2020-2023;"Safety Research (Q1); Safety, Risk, Reliability and Quality (Q1); Statistics, Probability and Uncertainty (Q1); Computer Science Applications (Q2); Management Science and Operations Research (Q2)";"Computer Science; Decision Sciences; Engineering; Social Sciences"
57;20606;Journal of Forecasting;journal;02776693, 1099131X;0,885;Q2;68;118;257;5869;953;257;3,01;49,74;20,68;2;31;United Kingdom;Western Europe;John Wiley and Sons Ltd;1982-2023;"Modeling and Simulation (Q1); Computer Science Applications (Q2); Economics and Econometrics (Q2); Management Science and Operations Research (Q2); Statistics, Probability and Uncertainty (Q2); Strategy and Management (Q2)";"Business, Management and Accounting; Computer Science; Decision Sciences; Economics, Econometrics and Finance; Mathematics"
58;21100377744;International Journal of Lean Six Sigma;journal;20404166, 20404174;0,873;Q2;52;83;160;6599;1017;156;5,39;79,51;31,11;0;34;United Kingdom;Western Europe;Emerald Group Publishing Ltd.;2010-2023;"Industrial and Manufacturing Engineering (Q1); Management Science and Operations Research (Q2); Strategy and Management (Q2)";"Business, Management and Accounting; Decision Sciences; Engineering"
59;23966;Journal of Optimization Theory and Applications;journal;00223239, 15732878;0,864;Q2;101;201;539;7174;1105;529;1,88;35,69;23,46;0;8;United States;Northern America;Springer New York;1967-2023;"Applied Mathematics (Q1); Control and Optimization (Q1); Management Science and Operations Research (Q2)";"Decision Sciences; Mathematics"
60;21100446510;Journal of Humanitarian Logistics and Supply Chain Management;journal;20426747, 20426755;0,856;Q2;35;34;80;2528;355;79;4,25;74,35;32,63;0;22;United Kingdom;Western Europe;Emerald Group Publishing Ltd.;2011-2023;"Management Information Systems (Q1); Management Science and Operations Research (Q2)";"Business, Management and Accounting; Decision Sciences"
61;21100790518;International Journal of Management Science and Engineering Management;journal;17509653, 17509661;0,844;Q2;32;41;79;1807;381;76;4,98;44,07;31,4;0;8;United Kingdom;Western Europe;Taylor and Francis Ltd.;2006-2023;"Engineering (miscellaneous) (Q1); Mechanical Engineering (Q1); Information Systems and Management (Q2); Management Science and Operations Research (Q2); Strategy and Management (Q2)";"Business, Management and Accounting; Decision Sciences; Engineering"
62;20608;Journal of Global Information Management;journal;10627375, 15337995;0,838;Q2;46;107;200;7370;1080;200;5,65;68,88;36,81;0;39;United States;Northern America;IGI Publishing;2002-2023;"Business and International Management (Q1); Computer Science Applications (Q2); E-learning (Q2); Information Systems and Management (Q2); Management Science and Operations Research (Q2); Strategy and Management (Q2)";"Business, Management and Accounting; Computer Science; Decision Sciences; Social Sciences"
63;19900192221;Journal of Management Control;journal;2191477X, 21914761;0,827;Q2;28;16;59;1358;243;50;2,61;84,88;42,86;0;4;Germany;Western Europe;Physica-Verlag;2011-2023;"Management Information Systems (Q1); Accounting (Q2); Management of Technology and Innovation (Q2); Management Science and Operations Research (Q2); Strategy and Management (Q2)";"Business, Management and Accounting; Decision Sciences"
64;21100379294;Operations Research Perspectives;journal;22147160;0,809;Q2;31;32;97;1360;453;97;4,37;42,5;26,04;0;7;Netherlands;Western Europe;Elsevier B.V.;2014-2023;"Control and Optimization (Q1); Management Science and Operations Research (Q2); Statistics and Probability (Q2); Strategy and Management (Q2)";"Business, Management and Accounting; Decision Sciences; Mathematics"
65;21100200829;International Journal of Engineering Business Management;journal;18479790;0,801;Q2;35;24;93;1386;489;93;4,88;57,75;28,92;0;10;Croatia;Eastern Europe;SAGE Publications Inc.;2009-2023;"Management Science and Operations Research (Q2); Organizational Behavior and Human Resource Management (Q2)";"Business, Management and Accounting; Decision Sciences"
66;21101039666;Operational Research in Engineering Sciences: Theory and Applications;journal;26201747, 26201607;0,801;Q2;25;37;80;1755;387;80;4,51;47,43;24;0;13;Serbia;Eastern Europe;Regional Association for Security and crisis management;2018-2023;"Engineering (miscellaneous) (Q1); Management Science and Operations Research (Q2)";"Decision Sciences; Engineering"
67;14715;Technology Analysis and Strategic Management;journal;14653990, 09537325;0,801;Q2;84;305;451;14715;2064;448;3,97;48,25;40,61;4;183;United Kingdom;Western Europe;Routledge;1989-2023;"Management Science and Operations Research (Q2); Strategy and Management (Q2)";"Business, Management and Accounting; Decision Sciences"
68;19294;Journal of Scheduling;journal;10946136;0,793;Q2;67;49;130;1447;306;125;1,99;29,53;18,4;0;2;United States;Northern America;Springer New York;1998-2023;"Engineering (miscellaneous) (Q1); Artificial Intelligence (Q2); Management Science and Operations Research (Q2); Software (Q2)";"Computer Science; Decision Sciences; Engineering"
69;21100235632;Asian Journal of Shipping and Logistics;journal;20925212;0,775;Q2;35;21;86;920;370;86;3,98;43,81;37,5;0;10;Netherlands;Western Europe;Korean Association of Shipping and Logistics, Inc.;2009-2023;"Business and International Management (Q2); Management of Technology and Innovation (Q2); Management Science and Operations Research (Q2); Transportation (Q2)";"Business, Management and Accounting; Decision Sciences; Social Sciences"
70;17600155106;Flexible Services and Manufacturing Journal;journal;19366590, 19366582;0,766;Q2;53;78;103;3893;333;98;3,35;49,91;21,76;0;20;United States;Northern America;Springer New York;2006, 2008-2023;"Industrial and Manufacturing Engineering (Q1); Management Science and Operations Research (Q2)";"Decision Sciences; Engineering"
71;19124;Queueing Systems;journal;15729443, 02570130;0,762;Q2;58;36;227;1082;187;110;0,65;30,06;23,29;0;1;Netherlands;Western Europe;Springer Netherlands;1986-2023;"Computational Theory and Mathematics (Q2); Computer Science Applications (Q2); Management Science and Operations Research (Q2); Statistics and Probability (Q2)";"Computer Science; Decision Sciences; Mathematics"
72;88345;Journal of Global Optimization;journal;09255001, 15732916;0,743;Q2;96;149;374;5860;765;367;2,02;39,33;24,53;0;2;Netherlands;Western Europe;Springer Netherlands;1991-2023;"Applied Mathematics (Q2); Business, Management and Accounting (miscellaneous) (Q2); Computer Science Applications (Q2); Control and Optimization (Q2); Management Science and Operations Research (Q2)";"Business, Management and Accounting; Computer Science; Decision Sciences; Mathematics"
73;21101126970;Logistics;journal;23056290;0,74;Q2;23;100;207;6593;1066;205;4,97;65,93;31,94;0;55;Switzerland;Western Europe;Multidisciplinary Digital Publishing Institute (MDPI);2019-2023;"Information Systems and Management (Q2); Management Information Systems (Q2); Management Science and Operations Research (Q2); Transportation (Q2)";"Business, Management and Accounting; Decision Sciences; Social Sciences"
74;23148;IMA Journal of Management Mathematics;journal;1471678X, 14716798;0,73;Q2;40;16;76;866;184;74;1,91;54,13;27,5;0;3;United Kingdom;Western Europe;Oxford University Press;1986, 1988-1989, 1991-1993, 1995-2023;"Economics, Econometrics and Finance (miscellaneous) (Q1); Applied Mathematics (Q2); Management Information Systems (Q2); Management Science and Operations Research (Q2); Modeling and Simulation (Q2); Strategy and Management (Q2)";"Business, Management and Accounting; Decision Sciences; Economics, Econometrics and Finance; Mathematics"
75;4700152908;Knowledge Management Research and Practice;journal;14778238, 14778246;0,728;Q2;52;104;170;7582;823;164;5;72,9;40,07;3;27;United Kingdom;Western Europe;Taylor and Francis Ltd.;2006-2023;"Library and Information Sciences (Q1); Business and International Management (Q2); Management Information Systems (Q2); Management of Technology and Innovation (Q2); Management Science and Operations Research (Q2); Strategy and Management (Q2)";"Business, Management and Accounting; Decision Sciences; Social Sciences"
76;19600161828;Public Transport;journal;16137159, 1866749X;0,722;Q2;36;34;83;1770;259;81;3;52,06;17,2;0;25;Germany;Western Europe;Springer Verlag;2009-2023;"Mechanical Engineering (Q1); Information Systems (Q2); Management Science and Operations Research (Q2); Transportation (Q2)";"Computer Science; Decision Sciences; Engineering; Social Sciences"
77;27989;Optimization;journal;10294945, 02331934;0,699;Q2;59;250;442;8632;880;428;1,98;34,53;27,6;0;7;United Kingdom;Western Europe;Taylor and Francis Ltd.;1985-2023;"Applied Mathematics (Q2); Control and Optimization (Q2); Management Science and Operations Research (Q2)";"Decision Sciences; Mathematics"
78;19123;Quality and Reliability Engineering International;journal;07488017, 10991638;0,69;Q2;72;209;599;8231;1684;587;2,64;39,38;31,41;0;22;United Kingdom;Western Europe;John Wiley and Sons Ltd;1985-2023;"Management Science and Operations Research (Q2); Safety, Risk, Reliability and Quality (Q2)";"Decision Sciences; Engineering"
79;13559;Journal of Loss Prevention in the Process Industries;journal;9504230;0,689;Q2;102;224;764;9418;3201;756;4,01;42,04;31,16;0;31;Netherlands;Western Europe;Elsevier B.V.;1988-2023;"Food Science (Q1); Chemical Engineering (miscellaneous) (Q2); Control and Systems Engineering (Q2); Energy Engineering and Power Technology (Q2); Industrial and Manufacturing Engineering (Q2); Management Science and Operations Research (Q2); Safety, Risk, Reliability and Quality (Q2)";"Agricultural and Biological Sciences; Chemical Engineering; Decision Sciences; Energy; Engineering"
80;21100198497;Quality Technology and Quantitative Management;journal;16843703;0,676;Q2;27;66;112;2650;361;112;3,36;40,15;29,52;0;4;United Kingdom;Western Europe;Taylor and Francis Ltd.;2011-2023;"Business and International Management (Q2); Industrial Relations (Q2); Information Systems and Management (Q2); Management of Technology and Innovation (Q2); Management Science and Operations Research (Q2)";"Business, Management and Accounting; Decision Sciences"
81;5600155030;New Directions for Evaluation;journal;10976736;0,674;Q2;48;28;128;910;182;117;0,77;32,5;66,18;0;7;United States;Northern America;Wiley-Blackwell;1995-2023;"Education (Q2); Management Science and Operations Research (Q2); Strategy and Management (Q2)";"Business, Management and Accounting; Decision Sciences; Social Sciences"
82;145295;4OR;journal;16142411, 16194500;0,661;Q2;46;52;76;1670;173;71;2;32,12;21,5;1;3;Germany;Western Europe;;2003-2023;"Computational Theory and Mathematics (Q2); Management Information Systems (Q2); Management Science and Operations Research (Q2); Theoretical Computer Science (Q2)";"Business, Management and Accounting; Computer Science; Decision Sciences; Mathematics"
83;14500154733;Operational Research;journal;11092858, 18661505;0,654;Q2;34;65;392;3387;1188;389;3,07;52,11;26,09;0;18;Germany;Western Europe;Springer Verlag;2009-2023;"Computational Theory and Mathematics (Q2); Management of Technology and Innovation (Q2); Management Science and Operations Research (Q2); Modeling and Simulation (Q2); Numerical Analysis (Q2); Statistics, Probability and Uncertainty (Q2); Strategy and Management (Q2)";"Business, Management and Accounting; Computer Science; Decision Sciences; Mathematics"
84;22315;Personal and Ubiquitous Computing;journal;16174909, 16174917;0,654;Q2;97;164;246;6673;766;231;2,71;40,69;32,92;2;46;United Kingdom;Western Europe;Springer London;1997-2023;"Library and Information Sciences (Q1); Computer Science Applications (Q2); Hardware and Architecture (Q2); Management Science and Operations Research (Q2)";"Computer Science; Decision Sciences; Social Sciences"
85;24358;Journal of Heuristics;journal;13811231, 15729397;0,65;Q2;73;21;93;848;243;91;1,78;40,38;17,14;0;2;Netherlands;Western Europe;Springer Netherlands;1995-2023;"Computer Networks and Communications (Q2); Control and Optimization (Q2); Information Systems (Q2); Management Science and Operations Research (Q2); Software (Q2); Artificial Intelligence (Q3)";"Computer Science; Decision Sciences; Mathematics"
86;21100386518;Advances in Production Engineering And Management;journal;18556531, 18546250;0,633;Q2;29;36;108;1219;388;108;3,46;33,86;34,69;0;19;Slovenia;Eastern Europe;Production Engineering Institute (PEI), University of Maribor;2014-2023;"Industrial and Manufacturing Engineering (Q2); Management of Technology and Innovation (Q2); Management Science and Operations Research (Q2); Mechanical Engineering (Q2); Nuclear and High Energy Physics (Q2)";"Business, Management and Accounting; Decision Sciences; Engineering; Physics and Astronomy"
87;11700154400;TOP;journal;11345764, 18638279;0,631;Q2;31;32;103;1161;192;91;1,9;36,28;27,66;0;2;Germany;Western Europe;;1993-1996, 2003, 2007-2023;"Discrete Mathematics and Combinatorics (Q2); Information Systems and Management (Q2); Management Science and Operations Research (Q2); Modeling and Simulation (Q2); Statistics and Probability (Q2)";"Decision Sciences; Mathematics"
88;29114;Engineering Optimization;journal;0305215X, 10290273;0,621;Q2;76;183;367;6661;1204;367;3,04;36,4;25,34;0;37;United Kingdom;Western Europe;Taylor and Francis Ltd.;1974-2023;"Applied Mathematics (Q2); Computer Science Applications (Q2); Control and Optimization (Q2); Industrial and Manufacturing Engineering (Q2); Management Science and Operations Research (Q2)";"Computer Science; Decision Sciences; Engineering; Mathematics"
89;10900153307;Journal of Simulation;journal;17477778, 17477786;0,621;Q2;31;79;100;4197;281;97;1,89;53,13;30,47;0;25;United Kingdom;Western Europe;Taylor and Francis Ltd.;2008-2023;"Industrial and Manufacturing Engineering (Q2); Management Science and Operations Research (Q2); Modeling and Simulation (Q2); Software (Q2)";"Computer Science; Decision Sciences; Engineering; Mathematics"
90;21100438074;Journal of Modelling in Management;journal;17465672, 17465664;0,619;Q2;40;81;187;5437;695;184;3,55;67,12;27,23;0;31;United Kingdom;Western Europe;Emerald Group Publishing Ltd.;2006-2023;"Decision Sciences (miscellaneous) (Q2); Management Science and Operations Research (Q2); Strategy and Management (Q2)";"Business, Management and Accounting; Decision Sciences"
91;21101151498;Futures and Foresight Science;journal;25735152;0,608;Q2;13;21;96;1159;142;33;1,58;55,19;10;2;7;United States;Northern America;John Wiley and Sons Inc.;2019-2023;"Business, Management and Accounting (miscellaneous) (Q2); Management Science and Operations Research (Q2); Strategy and Management (Q2)";"Business, Management and Accounting; Decision Sciences"
92;21101046170;Journal of Statistics and Data Science Education;journal;26939169;0,606;Q2;37;45;108;1704;254;95;2,39;37,87;53,33;0;6;United Kingdom;Western Europe;Taylor and Francis Ltd.;2021-2023;"Education (Q2); Management Science and Operations Research (Q2); Statistics and Probability (Q2)";"Decision Sciences; Mathematics; Social Sciences"
93;16106;Foresight;journal;14659832, 14636689;0,601;Q2;40;58;133;4232;489;132;3,4;72,97;43,62;0;26;United Kingdom;Western Europe;Emerald Group Publishing Ltd.;1999-2023;"Economics, Econometrics and Finance (miscellaneous) (Q1); Business and International Management (Q2); Management of Technology and Innovation (Q2); Management Science and Operations Research (Q2)";"Business, Management and Accounting; Decision Sciences; Economics, Econometrics and Finance"
94;21100830431;Service Science;journal;21643970, 21643962;0,599;Q2;24;19;47;900;97;45;2;47,37;34,81;0;4;United States;Northern America;INFORMS Institute for Operations Research and the Management Sciences;2015-2023;"Business and International Management (Q2); Management Science and Operations Research (Q2); Marketing (Q2); Modeling and Simulation (Q2)";"Business, Management and Accounting; Decision Sciences; Mathematics"
95;21101063736;IFAC Journal of Systems and Control;journal;24686018;0,582;Q2;13;20;71;791;156;71;2,31;39,55;18;0;5;United Kingdom;Western Europe;Elsevier B.V.;2017-2023;"Computer Networks and Communications (Q2); Computer Science Applications (Q2); Control and Systems Engineering (Q2); Management Science and Operations Research (Q2); Modeling and Simulation (Q2); Artificial Intelligence (Q3)";"Computer Science; Decision Sciences; Engineering; Mathematics"
96;19929;Interfaces;journal;00922102, 1526551X;0,581;Q2;69;0;98;0;153;95;1,29;0;0;0;0;United States;Northern America;INFORMS Institute for Operations Research and the Management Sciences;1983-1988, 1996-2022;"Management of Technology and Innovation (Q2); Management Science and Operations Research (Q2); Strategy and Management (Q2)";"Business, Management and Accounting; Decision Sciences"
97;21100855822;Cogent Business and Management;journal;23311975;0,567;Q2;44;614;889;48184;3874;882;3,94;78,48;35,77;0;279;United Kingdom;Western Europe;Cogent OA;2014-2023;"Accounting (Q2); Business and International Management (Q2); Business, Management and Accounting (miscellaneous) (Q2); Management Science and Operations Research (Q2); Marketing (Q2); Organizational Behavior and Human Resource Management (Q2); Strategy and Management (Q2)";"Business, Management and Accounting; Decision Sciences"
98;21101024237;Journal of Operational Meteorology;journal;23256184;0,567;Q2;7;10;22;365;36;22;0,91;36,5;19,23;0;4;United States;Northern America;National Weather Association;2019-2023;"Computers in Earth Sciences (Q2); Management Science and Operations Research (Q2); Atmospheric Science (Q3)";"Decision Sciences; Earth and Planetary Sciences"
99;21774;Managerial and Decision Economics;journal;10991468, 01436570;0,555;Q2;61;314;554;17484;1574;552;2,95;55,68;38,76;2;138;United Kingdom;Western Europe;John Wiley and Sons Ltd;1980-2023;"Business and International Management (Q2); Management of Technology and Innovation (Q2); Management Science and Operations Research (Q2); Strategy and Management (Q2)";"Business, Management and Accounting; Decision Sciences"
100;21100301413;Journal of the Operations Research Society of China;journal;21946698, 2194668X;0,554;Q3;20;114;151;3387;266;145;1,22;29,71;32,18;0;4;United States;Northern America;Springer Science + Business Media;2013-2023;"Applied Mathematics (Q2); Mathematics (miscellaneous) (Q2); Management Science and Operations Research (Q3)";"Decision Sciences; Mathematics"
101;21805;Mathematical Methods of Operations Research;journal;14325217, 14322994;0,535;Q3;54;39;120;1158;141;116;1,03;29,69;23,33;0;1;Germany;Western Europe;Physica-Verlag;1996-2023;"Mathematics (miscellaneous) (Q2); Management Science and Operations Research (Q3); Software (Q3)";"Computer Science; Decision Sciences; Mathematics"
102;21100374809;Journal of Science and Technology Policy Management;journal;20534639, 20534620;0,529;Q3;28;117;118;9607;455;107;3,78;82,11;31,39;0;72;United Kingdom;Western Europe;Emerald Group Publishing Ltd.;2014-2023;"Industrial Relations (Q2); Management of Technology and Innovation (Q2); Strategy and Management (Q2); Management Science and Operations Research (Q3)";"Business, Management and Accounting; Decision Sciences"
103;21100886537;Operations and Supply Chain Management;journal;19793561, 25799363;0,518;Q3;18;42;119;2602;404;119;3,29;61,95;31,73;0;22;Indonesia;Asiatic Region;Operations and Supply Chain Management Forum;2018-2023;"Information Systems and Management (Q2); Management Information Systems (Q2); Management Science and Operations Research (Q3); Statistics, Probability and Uncertainty (Q3)";"Business, Management and Accounting; Decision Sciences"
104;21100395701;Journal of Complex Networks;journal;20511310, 20511329;0,511;Q3;30;46;185;1846;418;185;2,29;40,13;23,77;1;3;United States;Northern America;Oxford University Press;2013-2023;"Applied Mathematics (Q2); Computational Mathematics (Q2); Computer Networks and Communications (Q2); Control and Optimization (Q2); Management Science and Operations Research (Q3)";"Computer Science; Decision Sciences; Mathematics"
105;21101123946;Open Journal of Mathematical Optimization;journal;27775860;0,499;Q3;3;7;20;207;33;20;1,72;29,57;20;0;0;France;Western Europe;Universite de Montpellier III;2020-2023;"Control and Optimization (Q2); Management Science and Operations Research (Q3)";"Decision Sciences; Mathematics"
106;21100935763;Health Systems;journal;20476973, 20476965;0,496;Q3;20;41;64;2786;137;63;1,43;67,95;34,75;2;13;United States;Northern America;Taylor and Francis Inc.;2012-2023;"Information Systems (Q2); Computer Science Applications (Q3); Health Informatics (Q3); Health Information Management (Q3); Health Policy (Q3); Human-Computer Interaction (Q3); Management Science and Operations Research (Q3)";"Computer Science; Decision Sciences; Health Professions; Medicine"
107;21100242231;Built Environment Project and Asset Management;journal;2044124X, 20441258;0,493;Q3;33;58;159;3261;473;152;2,57;56,22;22,84;0;35;United Kingdom;Western Europe;Emerald Group Publishing Ltd.;2011-2023;"Architecture (Q1); Building and Construction (Q2); Civil and Structural Engineering (Q2); Engineering (miscellaneous) (Q2); Urban Studies (Q2); Management Science and Operations Research (Q3)";"Decision Sciences; Engineering; Social Sciences"
108;5000158106;Central European Journal of Operations Research;journal;16139178, 1435246X;0,493;Q3;42;86;194;3467;440;189;2,09;40,31;28,25;0;20;Germany;Western Europe;Springer Science and Business Media Deutschland GmbH;2006-2023;Management Science and Operations Research (Q3);Decision Sciences
109;21100886533;Journal of Information Technology Case and Application Research;journal;15228053, 23336897;0,485;Q3;20;26;60;1033;140;38;1,3;39,73;26,67;0;5;United States;Northern America;Taylor and Francis Ltd.;2005-2023;"Information Systems and Management (Q2); Management Science and Operations Research (Q3)";Decision Sciences
110;21100200822;Pakistan Journal of Statistics and Operation Research;journal;22205810, 18162711;0,473;Q3;25;40;208;1173;361;208;1,6;29,33;24,66;0;1;Pakistan;Asiatic Region;College of Statistical and Actuarial Sciences, University of Punjab;2011-2023;"Modeling and Simulation (Q2); Management Science and Operations Research (Q3); Statistics and Probability (Q3); Statistics, Probability and Uncertainty (Q3)";"Decision Sciences; Mathematics"
111;21100202150;Operations Research for Health Care;journal;22116923;0,469;Q3;37;14;42;616;91;40;1,8;44;31,25;0;6;United Kingdom;Western Europe;Elsevier B.V.;2014-2023;"Health Professions (miscellaneous) (Q2); Oral Surgery (Q2); Surgery (Q2); Management Science and Operations Research (Q3); Medicine (miscellaneous) (Q3); Otorhinolaryngology (Q3)";"Decision Sciences; Dentistry; Health Professions; Medicine"
112;25195;Applied Stochastic Models in Business and Industry;journal;15264025, 15241904;0,452;Q3;47;86;218;2680;325;192;1,59;31,16;31,72;0;8;United Kingdom;Western Europe;John Wiley and Sons Ltd;1999-2023;"Business, Management and Accounting (miscellaneous) (Q2); Modeling and Simulation (Q2); Management Science and Operations Research (Q3)";"Business, Management and Accounting; Decision Sciences; Mathematics"
113;14054;SORT;journal;16962281, 20138830;0,452;Q3;25;12;20;804;43;20;0,91;67;41,86;0;1;Spain;Western Europe;Institut d'Estadistica de Catalunya;2003-2021, 2023;"Management Science and Operations Research (Q3); Statistics and Probability (Q3); Statistics, Probability and Uncertainty (Q3)";"Decision Sciences; Mathematics"
114;22202;Operations Research Letters;journal;1676377;0,449;Q3;82;123;412;2356;484;410;0,99;19,15;20,5;0;3;Netherlands;Western Europe;Elsevier B.V.;1981-2023;"Applied Mathematics (Q2); Industrial and Manufacturing Engineering (Q2); Management Science and Operations Research (Q3); Software (Q3)";"Computer Science; Decision Sciences; Engineering; Mathematics"
115;21100394100;IET Networks;journal;20474962, 20474954;0,439;Q3;31;27;113;1003;248;110;1,8;37,15;28,43;0;5;United Kingdom;Western Europe;John Wiley & Sons Inc.;2014-2023;"Computer Networks and Communications (Q3); Control and Optimization (Q3); Management Science and Operations Research (Q3)";"Computer Science; Decision Sciences; Mathematics"
116;12991;RAIRO - Operations Research;journal;12903868, 03990559;0,438;Q3;36;163;634;6230;1417;633;2,19;38,22;35,25;0;26;France;Western Europe;EDP Sciences;1977-1978, 1995-2023;"Computer Science Applications (Q3); Management Science and Operations Research (Q3); Theoretical Computer Science (Q3)";"Computer Science; Decision Sciences; Mathematics"
117;21100806906;Uncertain Supply Chain Management;journal;22916822, 22916830;0,436;Q3;33;190;344;9282;1712;343;5,15;48,85;30,27;0;80;Canada;Northern America;Growing Science;2013-2023;"Business and International Management (Q2); Management Information Systems (Q2); Management Science and Operations Research (Q3); Statistics, Probability and Uncertainty (Q3); Strategy and Management (Q3)";"Business, Management and Accounting; Decision Sciences"
118;15810;Probability in the Engineering and Informational Sciences;journal;02699648, 14698951;0,434;Q3;41;44;155;1435;182;155;1,02;32,61;25;0;2;United Kingdom;Western Europe;Cambridge University Press;1987-2023;"Industrial and Manufacturing Engineering (Q2); Management Science and Operations Research (Q3); Statistics and Probability (Q3); Statistics, Probability and Uncertainty (Q3)";"Decision Sciences; Engineering; Mathematics"
119;21101019334;Journal of Business Analytics;journal;2573234X, 25732358;0,42;Q3;9;18;36;1197;84;35;2,56;66,5;24,14;0;5;United Kingdom;Western Europe;Taylor and Francis Ltd.;2018-2023;"Industrial and Manufacturing Engineering (Q2); Information Systems and Management (Q2); Management Information Systems (Q2); Artificial Intelligence (Q3); Information Systems (Q3); Management Science and Operations Research (Q3); Statistics, Probability and Uncertainty (Q3)";"Business, Management and Accounting; Computer Science; Decision Sciences; Engineering"
120;19900193531;Advances in Decision Sciences;journal;20903367, 20903359;0,417;Q3;20;30;75;1565;278;75;4,94;52,17;26,83;0;12;Taiwan;Asiatic Region;Asia University;2010-2023;"Information Systems and Management (Q2); Decision Sciences (miscellaneous) (Q3); Management Science and Operations Research (Q3); Statistics, Probability and Uncertainty (Q3)";Decision Sciences
121;21100840031;Critical Military Studies;journal;23337486, 23337494;0,416;Q3;21;50;89;2961;100;87;1,25;59,22;36,07;1;15;United Kingdom;Western Europe;Taylor and Francis Ltd.;2015-2023;"History (Q1); Law (Q1); Political Science and International Relations (Q2); Social Sciences (miscellaneous) (Q2); Sociology and Political Science (Q2); Management Science and Operations Research (Q3)";"Arts and Humanities; Decision Sciences; Social Sciences"
122;21100894767;INFORMS Transactions on Education;journal;15320545;0,408;Q3;7;24;50;352;62;47;1,09;14,67;21,05;0;4;United States;Northern America;INFORMS Institute for Operations Research and the Management Sciences;2018-2023;"Education (Q2); Management Information Systems (Q2); Management Science and Operations Research (Q3)";"Business, Management and Accounting; Decision Sciences; Social Sciences"
123;19700181204;OPSEARCH;journal;00303887, 09750320;0,386;Q3;29;90;179;4188;394;179;2,13;46,53;22,22;0;24;India;Asiatic Region;Springer India;2009-2023;"Management Information Systems (Q2); Computer Science Applications (Q3); Information Systems (Q3); Management Science and Operations Research (Q3)";"Business, Management and Accounting; Computer Science; Decision Sciences"
124;21101046369;Brazilian Journal of Operations and Production Management;journal;16798171, 22378960;0,377;Q3;12;33;114;1877;233;112;2,64;56,88;32,1;0;16;Brazil;Latin America;Associacao Brasileira de Engenharia de Producao;2019-2023;"Industrial and Manufacturing Engineering (Q2); Computer Science Applications (Q3); Management of Technology and Innovation (Q3); Management Science and Operations Research (Q3); Strategy and Management (Q3)";"Business, Management and Accounting; Computer Science; Decision Sciences; Engineering"
125;19400158510;Logistics Research;journal;18650368, 1865035X;0,368;Q3;28;12;26;1076;49;26;2,13;89,67;25,81;0;7;Germany;Western Europe;Bundesvereinigung Logistik (BVL);2009-2010, 2012-2023;"Management Information Systems (Q2); Computer Science Applications (Q3); Control and Systems Engineering (Q3); Information Systems (Q3); Management Science and Operations Research (Q3)";"Business, Management and Accounting; Computer Science; Decision Sciences; Engineering"
126;19700187506;International Journal of Shipping and Transport Logistics;journal;17566517, 17566525;0,361;Q3;28;36;98;1728;143;95;1,52;48;26,26;0;12;United Kingdom;Western Europe;Inderscience Enterprises Ltd;2010-2023;"Business and International Management (Q3); Management of Technology and Innovation (Q3); Management Science and Operations Research (Q3); Transportation (Q3)";"Business, Management and Accounting; Decision Sciences; Social Sciences"
127;19700173246;Academia Revista Latinoamericana de Administracion;journal;10128255, 20565127;0,356;Q3;22;30;88;2234;148;87;1,83;74,47;41,28;0;17;United Kingdom;Western Europe;Emerald Group Publishing Ltd.;2008-2023;"Economics, Econometrics and Finance (miscellaneous) (Q2); Business and International Management (Q3); Education (Q3); Management Science and Operations Research (Q3); Organizational Behavior and Human Resource Management (Q3); Public Administration (Q3); Strategy and Management (Q3)";"Business, Management and Accounting; Decision Sciences; Economics, Econometrics and Finance; Social Sciences"
128;24017;ZWF Zeitschrift fr Wirtschaftlichen Fabrikbetrieb;journal;09470085, 25110896;0,35;Q3;18;178;639;2508;325;597;0,51;14,09;16,19;0;79;Germany;Western Europe;Walter de Gruyter GmbH;1995-2023;"Engineering (miscellaneous) (Q2); Management Science and Operations Research (Q3); Strategy and Management (Q3)";"Business, Management and Accounting; Decision Sciences; Engineering"
129;23110;Asia-Pacific Journal of Operational Research;journal;02175959, 17937019;0,348;Q3;37;103;191;3317;281;187;1,34;32,2;39,3;0;9;Singapore;Asiatic Region;World Scientific Publishing Co. Pte Ltd;1991, 1996-2023;Management Science and Operations Research (Q3);Decision Sciences
130;14363;INFOR;journal;03155986, 19160615;0,348;Q3;37;23;63;1081;72;60;0,94;47;23,81;0;7;Canada;Northern America;Taylor and Francis Ltd.;1971-1989, 1996-2023;"Computer Science Applications (Q3); Information Systems (Q3); Management Science and Operations Research (Q3); Signal Processing (Q3)";"Computer Science; Decision Sciences"
131;21101023959;International Journal of Production Management and Engineering;journal;23404876, 23405317;0,347;Q3;6;16;43;725;75;43;1,9;45,31;32,61;0;10;Spain;Western Europe;Universidad Politecnica de Valencia;2019-2023;"Industrial and Manufacturing Engineering (Q2); Business and International Management (Q3); Management Science and Operations Research (Q3); Strategy and Management (Q3)";"Business, Management and Accounting; Decision Sciences; Engineering"
132;144815;Computational Management Science;journal;1619697X, 16196988;0,339;Q3;40;48;78;1967;115;75;1,5;40,98;22,5;0;13;Germany;Western Europe;Springer Science and Business Media Deutschland GmbH;2005-2023;"Business, Management and Accounting (miscellaneous) (Q3); Information Systems (Q3); Management Information Systems (Q3); Management Science and Operations Research (Q3); Statistics, Probability and Uncertainty (Q3)";"Business, Management and Accounting; Computer Science; Decision Sciences"
133;21100913325;Logforum;journal;1734459X, 18952038;0,339;Q3;14;44;124;2121;253;124;1,6;48,2;37,72;0;27;Poland;Eastern Europe;Poznan School of Logistics;2019-2023;"Information Systems and Management (Q3); Management Information Systems (Q3); Management Science and Operations Research (Q3)";"Business, Management and Accounting; Decision Sciences"
134;23492;Yugoslav Journal of Operations Research;journal;03540243, 23346043;0,339;Q3;24;38;96;1400;150;96;1,48;36,84;35,29;0;5;Serbia;Eastern Europe;Faculty of Organizational Sciences, Belgrade;1994-1997, 1999-2023;Management Science and Operations Research (Q3);Decision Sciences
135;4000149501;International Journal of Product Lifecycle Management;journal;17435110, 17435129;0,333;Q3;24;8;42;452;56;42;1;56,5;30;0;4;United Kingdom;Western Europe;Inderscience Enterprises Ltd;2005-2023;"Business and International Management (Q3); Management Science and Operations Research (Q3); Safety, Risk, Reliability and Quality (Q3)";"Business, Management and Accounting; Decision Sciences; Engineering"
136;21100301410;International Journal for Quality Research;journal;18007473, 18006450;0,332;Q3;27;84;240;3015;444;240;1,85;35,89;51,57;0;36;Serbia;Eastern Europe;University of Montenegro;2012-2023;"Industrial and Manufacturing Engineering (Q2); Management Science and Operations Research (Q3); Safety, Risk, Reliability and Quality (Q3)";"Decision Sciences; Engineering"
137;17400154833;Journal of Transportation Security;journal;19387741, 1938775X;0,323;Q3;18;12;46;486;68;45;1,14;40,5;37,5;0;2;United States;Northern America;Springer New York;2008-2023;"Law (Q2); Political Science and International Relations (Q2); Sociology and Political Science (Q2); Management Science and Operations Research (Q3); Safety Research (Q3); Transportation (Q3)";"Decision Sciences; Social Sciences"
138;21100385807;International Journal of Emergency Services;journal;20470908, 20470894;0,315;Q3;16;37;82;1459;140;79;2;39,43;51,92;0;9;United Kingdom;Western Europe;Emerald Group Publishing Ltd.;2012-2023;"Management Science and Operations Research (Q3); Safety Research (Q3)";"Decision Sciences; Social Sciences"
139;21100457058;Management and Production Engineering Review;journal;20821344, 20808208;0,307;Q3;24;48;139;1637;231;139;1,21;34,1;39,32;0;22;Poland;Eastern Europe;Polish Academy of Sciences, Production Engineering Committee;2012-2013, 2015-2023;"Business and International Management (Q3); Industrial and Manufacturing Engineering (Q3); Management of Technology and Innovation (Q3); Management Science and Operations Research (Q3); Organizational Behavior and Human Resource Management (Q3)";"Business, Management and Accounting; Decision Sciences; Engineering"
140;21100826286;Fuzzy Information and Engineering;journal;16168658, 16168666;0,304;Q3;25;23;88;682;152;88;1,72;29,65;24,39;0;0;United Kingdom;Western Europe;Tsinghua University Press;2011, 2014-2023;"Applied Mathematics (Q3); Control and Systems Engineering (Q3); Industrial and Manufacturing Engineering (Q3); Information Systems (Q3); Logic (Q3); Management Science and Operations Research (Q3); Artificial Intelligence (Q4); Theoretical Computer Science (Q4)";"Computer Science; Decision Sciences; Engineering; Mathematics"
141;21101045277;LOGI - Scientific Journal on Transport and Logistics;journal;23363037;0,303;Q3;8;30;67;794;95;67;1,35;26,47;44,3;0;20;Poland;Eastern Europe;Sciendo;2019-2023;"Automotive Engineering (Q2); Business and International Management (Q3); Civil and Structural Engineering (Q3); Management of Technology and Innovation (Q3); Management Science and Operations Research (Q3); Transportation (Q3)";"Business, Management and Accounting; Decision Sciences; Engineering; Social Sciences"
142;19900191855;Advances in Operations Research;journal;16879155, 16879147;0,3;Q3;20;4;28;216;34;28;0,94;54;20;0;0;United States;Northern America;Hindawi Publishing Corporation;2009-2023;Management Science and Operations Research (Q3);Decision Sciences
143;5000153602;Pesquisa Operacional;journal;1017438;0,287;Q3;25;45;76;1679;82;73;0,93;37,31;29,7;0;9;Brazil;Latin America;Sociedade Brasileira de Pesquisa Operacional;2006-2023;Management Science and Operations Research (Q3);Decision Sciences
144;21100836589;International Journal of Business Environment;journal;17400589, 17400597;0,286;Q3;9;21;63;1825;88;63;1,2;86,9;32,26;0;10;United Kingdom;Western Europe;Inderscience Enterprises Ltd;2017-2023;"Business and International Management (Q3); Management of Technology and Innovation (Q3); Management Science and Operations Research (Q3); Strategy and Management (Q3)";"Business, Management and Accounting; Decision Sciences"
145;4400151406;International Journal of Operational Research;journal;17457653, 17457645;0,286;Q3;32;76;223;3587;211;222;0,43;47,2;19,88;0;12;United Kingdom;Western Europe;Inderscience Enterprises Ltd;2005-2023;Management Science and Operations Research (Q3);Decision Sciences
146;4700152236;International Journal of Globalisation and Small Business;journal;14793059, 14793067;0,284;Q3;22;10;49;935;52;48;0,83;93,5;9,09;0;2;United Kingdom;Western Europe;Inderscience Enterprises Ltd;2005-2023;"Business and International Management (Q3); Information Systems and Management (Q3); Management Science and Operations Research (Q3)";"Business, Management and Accounting; Decision Sciences"
147;21100825851;International Journal of Business Performance and Supply Chain Modelling;journal;17589401, 1758941X;0,283;Q3;19;20;56;911;69;56;0,98;45,55;26,53;0;9;United Kingdom;Western Europe;Inderscience;2009-2023;"Business and International Management (Q3); Management Science and Operations Research (Q3); Strategy and Management (Q3)";"Business, Management and Accounting; Decision Sciences"
148;21100943826;Journal of Transport and Supply Chain Management;journal;19955235, 23108789;0,278;Q3;9;23;80;1246;101;74;1,17;54,17;31,25;0;16;South Africa;Africa;AOSIS (Pty) Ltd;2018-2023;"Industrial and Manufacturing Engineering (Q3); Information Systems and Management (Q3); Management Information Systems (Q3); Management Science and Operations Research (Q3); Transportation (Q3)";"Business, Management and Accounting; Decision Sciences; Engineering; Social Sciences"
149;21101055969;Sinergie;journal;3935108;0,272;Q4;8;32;94;2348;118;89;1,21;73,38;62,86;0;19;Italy;Western Europe;Fondazione Cueim;2019-2023;"Business, Management and Accounting (miscellaneous) (Q3); Management Science and Operations Research (Q4)";"Business, Management and Accounting; Decision Sciences"
150;21100945715;Journal of International Logistics and Trade;journal;25087592, 17382122;0,27;Q4;8;13;42;649;62;42;1,27;49,92;23,08;0;9;South Korea;Asiatic Region;Jungseok Research Institute of International Logistics and Trade;2018-2023;"Economics and Econometrics (Q3); Management Information Systems (Q3); Marketing (Q3); Transportation (Q3); Management Science and Operations Research (Q4)";"Business, Management and Accounting; Decision Sciences; Economics, Econometrics and Finance; Social Sciences"
151;21100456788;International Journal on Food System Dynamics;journal;18696945;0,269;Q4;22;27;92;1360;94;92;1,07;50,37;49,37;0;13;Germany;Western Europe;CENTMA Research;2010-2023;"Business and International Management (Q3); Economics, Econometrics and Finance (miscellaneous) (Q3); Environmental Science (miscellaneous) (Q3); Food Science (Q3); Geography, Planning and Development (Q3); Transportation (Q3); Management Science and Operations Research (Q4)";"Agricultural and Biological Sciences; Business, Management and Accounting; Decision Sciences; Economics, Econometrics and Finance; Environmental Science; Social Sciences"
152;4700151504;International Journal of Logistics Systems and Management;journal;17427975, 17427967;0,268;Q4;37;67;223;4307;317;222;0,86;64,28;23,7;0;22;United Kingdom;Western Europe;Inderscience Enterprises Ltd;2004-2023;"Information Systems and Management (Q3); Management Information Systems (Q3); Management Science and Operations Research (Q4)";"Business, Management and Accounting; Decision Sciences"
153;21101050920;Business, Management and Economics Engineering;journal;2669249X, 26692481;0,267;Q4;8;17;62;956;121;62;1,64;56,24;63,64;0;10;Lithuania;Eastern Europe;Vilnius Gediminas Technical University;2021-2023;"Business and International Management (Q3); Development (Q3); Economics, Econometrics and Finance (miscellaneous) (Q3); Management of Technology and Innovation (Q3); Strategy and Management (Q3); Management Science and Operations Research (Q4)";"Business, Management and Accounting; Decision Sciences; Economics, Econometrics and Finance; Social Sciences"
154;21100894851;International Journal of Supply and Operations Management;journal;23831359, 23832525;0,254;Q4;11;28;83;1581;120;83;1,41;56,46;25,93;0;13;Iran;Middle East;Kharazmi University;2018-2023;"Civil and Structural Engineering (Q3); Information Systems and Management (Q3); Management Information Systems (Q3); Transportation (Q3); Management Science and Operations Research (Q4)";"Business, Management and Accounting; Decision Sciences; Engineering; Social Sciences"
155;11900154344;Foundations and Trends in Technology, Information and Operations Management;journal;15719545;0,251;Q4;17;8;22;125;14;21;0,75;15,63;25;0;1;United States;Northern America;Now Publishers Inc;2005, 2007-2014, 2016-2023;Management Science and Operations Research (Q4);Decision Sciences
156;21100842159;International Review of Applied Sciences and Engineering;journal;20620810, 20634269;0,249;Q4;11;46;108;1701;153;107;1,29;36,98;23,33;0;23;Hungary;Eastern Europe;Akademiai Kiado;2017-2023;"Architecture (Q2); Engineering (miscellaneous) (Q3); Environmental Engineering (Q3); Information Systems (Q3); Materials Science (miscellaneous) (Q3); Management Science and Operations Research (Q4)";"Computer Science; Decision Sciences; Engineering; Environmental Science; Materials Science"
157;144884;WSEAS Transactions on Mathematics;journal;11092769;0,249;Q4;24;93;266;2226;186;266;0,7;23,94;37,21;0;4;Greece;Western Europe;World Scientific and Engineering Academy and Society;2005-2014, 2017-2023;"Algebra and Number Theory (Q4); Applied Mathematics (Q4); Computational Mathematics (Q4); Control and Optimization (Q4); Discrete Mathematics and Combinatorics (Q4); Endocrinology, Diabetes and Metabolism (Q4); Management Science and Operations Research (Q4); Statistics and Probability (Q4)";"Decision Sciences; Mathematics; Medicine"
158;4000149708;International Journal of Management and Enterprise Development;journal;17418127, 14684330;0,248;Q4;28;19;60;1148;75;59;1,1;60,42;30,77;0;9;United Kingdom;Western Europe;Inderscience Enterprises Ltd;2004-2023;"Business and International Management (Q3); Management Science and Operations Research (Q4)";"Business, Management and Accounting; Decision Sciences"
159;21100394268;International Journal of Advanced Operations Management;journal;1758938X, 17589398;0,244;Q4;15;14;52;667;68;51;1,29;47,64;35,29;0;5;United Kingdom;Western Europe;Inderscience Enterprises Ltd;2011, 2014-2023;"Management Science and Operations Research (Q4); Organizational Behavior and Human Resource Management (Q4)";"Business, Management and Accounting; Decision Sciences"
160;21101021770;International Journal of Management and Sustainability;journal;23069856, 23060662;0,244;Q4;8;45;48;2459;87;48;1,16;54,64;44,17;0;24;United States;Northern America;Conscientia Beam;2019-2023;"Business, Management and Accounting (miscellaneous) (Q3); Economics and Econometrics (Q3); Geography, Planning and Development (Q3); Management, Monitoring, Policy and Law (Q3); Management Science and Operations Research (Q4)";"Business, Management and Accounting; Decision Sciences; Economics, Econometrics and Finance; Environmental Science; Social Sciences"
161;4700153009;International Journal of Sport Management and Marketing;journal;14758962, 17402808;0,243;Q4;30;26;62;1552;66;62;0,83;59,69;31,25;0;2;United Kingdom;Western Europe;Inderscience Enterprises Ltd;2005-2023;"Business and International Management (Q3); Marketing (Q3); Strategy and Management (Q3); Management Science and Operations Research (Q4); Sports Science (Q4)";"Business, Management and Accounting; Decision Sciences; Health Professions"
162;4000148902;International Journal of Services and Operations Management;journal;17442370, 17442389;0,222;Q4;34;77;239;5005;230;239;0,64;65;27,17;0;29;United Kingdom;Western Europe;Inderscience Enterprises Ltd;2006-2023;"Industrial and Manufacturing Engineering (Q3); Management of Technology and Innovation (Q4); Management Science and Operations Research (Q4)";"Business, Management and Accounting; Decision Sciences; Engineering"
163;21100212700;RAE Revista de Administracao de Empresas;journal;2178938X, 00347590;0,218;Q4;23;28;145;1805;96;138;0,52;64,46;44,12;0;10;Brazil;Latin America;Fundacao Getulio Vargas, Escola de Administracao de Empresas de Sao Paulo;2007-2023;"Business, Management and Accounting (miscellaneous) (Q3); Development (Q3); Education (Q3); Industrial Relations (Q3); Information Systems and Management (Q3); Business and International Management (Q4); Management of Technology and Innovation (Q4); Management Science and Operations Research (Q4); Marketing (Q4); Organizational Behavior and Human Resource Management (Q4); Public Administration (Q4); Strategy and Management (Q4)";"Business, Management and Accounting; Decision Sciences; Social Sciences"
164;17700156204;International Journal of Applied Decision Sciences;journal;17558085, 17558077;0,213;Q4;22;37;87;2355;108;87;1,3;63,65;32,08;0;11;United Kingdom;Western Europe;Inderscience Enterprises Ltd;2009-2023;"Economics and Econometrics (Q4); Information Systems and Management (Q4); Management Science and Operations Research (Q4); Strategy and Management (Q4)";"Business, Management and Accounting; Decision Sciences; Economics, Econometrics and Finance"
165;21100858348;Croatian Operational Research Review;journal;18480225, 18489931;0,208;Q4;10;16;56;478;52;56;0,64;29,88;45,95;0;3;Croatia;Eastern Europe;Croatian Operational Research Society;2017-2023;"Applied Mathematics (Q4); Economics and Econometrics (Q4); Management Science and Operations Research (Q4); Statistics and Probability (Q4); Statistics, Probability and Uncertainty (Q4)";"Decision Sciences; Economics, Econometrics and Finance; Mathematics"
166;21101089574;Revista de Administracao Contemporanea;journal;19827849, 14156555;0,204;Q4;8;49;150;2375;127;125;0,93;48,47;55,42;0;16;Brazil;Latin America;Associacao Nacional de Pos-Graduacao e Pesquisa em Administracao;2019-2023;"Business, Management and Accounting (miscellaneous) (Q3); Management Science and Operations Research (Q4); Public Administration (Q4)";"Business, Management and Accounting; Decision Sciences; Social Sciences"
167;21101021407;Operations Research and Decisions;journal;23916060, 20818858;0,202;Q4;5;36;85;1320;77;85;0,83;36,67;35,48;0;5;Poland;Eastern Europe;Wroclaw University of Science and Technology;2019-2023;"Management of Technology and Innovation (Q4); Management Science and Operations Research (Q4); Modeling and Simulation (Q4); Statistics and Probability (Q4); Statistics, Probability and Uncertainty (Q4)";"Business, Management and Accounting; Decision Sciences; Mathematics"
168;21101121177;Journal of Defense Analytics and Logistics;journal;23996439, 23996447;0,201;Q4;4;8;30;463;20;30;0,35;57,88;12,5;0;1;United Kingdom;Western Europe;Emerald Publishing;2017-2023;"Decision Sciences (miscellaneous) (Q4); Information Systems and Management (Q4); Management Science and Operations Research (Q4); Statistics, Probability and Uncertainty (Q4)";Decision Sciences
169;21100901841;International Journal of Industrial Engineering and Production Research;journal;20084889, 2345363X;0,199;Q4;9;36;145;1943;121;145;0,77;53,97;38,64;0;8;Iran;Middle East;Iran University of Science and Technology;2018-2023;"Industrial and Manufacturing Engineering (Q3); Management Science and Operations Research (Q4); Statistics, Probability and Uncertainty (Q4); Strategy and Management (Q4)";"Business, Management and Accounting; Decision Sciences; Engineering"
170;21100285030;International Journal of Multicriteria Decision Making;journal;20401078, 2040106X;0,199;Q4;15;8;18;584;11;18;0,61;73;40;0;2;Switzerland;Western Europe;Inderscience;2010-2019, 2021-2022;"Management Science and Operations Research (Q4); Strategy and Management (Q4)";"Business, Management and Accounting; Decision Sciences"
171;21101073268;Journal of Industrial Engineering and Engineering Management;journal;10046062;0,198;Q4;8;122;372;5217;261;372;0,62;42,76;32,68;0;64;China;Asiatic Region;Zhejiang University;2019-2023;"Accounting (Q4); Business and International Management (Q4); Information Systems and Management (Q4); Management of Technology and Innovation (Q4); Management Science and Operations Research (Q4); Organizational Behavior and Human Resource Management (Q4); Strategy and Management (Q4)";"Business, Management and Accounting; Decision Sciences"
172;4700152455;International Journal of Process Management and Benchmarking;journal;14606739, 1741816X;0,196;Q4;20;76;103;4274;158;103;1,26;56,24;22,56;0;41;United Kingdom;Western Europe;Inderscience Enterprises Ltd;2005-2009, 2013-2023;"Business and International Management (Q4); Management Science and Operations Research (Q4); Strategy and Management (Q4)";"Business, Management and Accounting; Decision Sciences"
173;21100219935;International Journal of Operations and Quantitative Management;journal;10821910;0,191;Q4;14;22;69;1259;75;69;1,19;57,23;45,95;0;8;United States;Northern America;International Forum of Management Scholars (INFOMS);2000-2023;"Business and International Management (Q4); Information Systems and Management (Q4); Management of Technology and Innovation (Q4); Management Science and Operations Research (Q4); Strategy and Management (Q4)";"Business, Management and Accounting; Decision Sciences"
174;6400153175;International Journal of Services Operations and Informatics;journal;1741539X, 17415403;0,183;Q4;15;5;43;200;38;42;0,88;40;22,22;0;1;United Kingdom;Western Europe;Inderscience Enterprises Ltd;2006-2013, 2016-2023;"Computer Science Applications (Q4); Information Systems (Q4); Management Information Systems (Q4); Management Science and Operations Research (Q4)";"Business, Management and Accounting; Computer Science; Decision Sciences"
175;21100244225;Competition and Regulation in Network Industries;journal;23992956, 17835917;0,182;Q4;13;11;48;486;32;45;0,71;44,18;9,52;1;5;United Kingdom;Western Europe;SAGE Publications Inc.;2013-2023;"Business, Management and Accounting (miscellaneous) (Q4); Management Science and Operations Research (Q4)";"Business, Management and Accounting; Decision Sciences"
176;21100464314;International Journal of Construction Supply Chain Management;journal;11790776;0,174;Q4;7;15;41;696;47;41;1,15;46,4;35,48;0;6;New Zealand;Pacific Region;Massey University;2015-2023;"Building and Construction (Q4); Management Science and Operations Research (Q4); Strategy and Management (Q4)";"Business, Management and Accounting; Decision Sciences; Engineering"
177;21100327708;Journal of Intelligence Studies in Business;journal;2001015X;0,174;Q4;14;23;40;767;51;36;1,23;33,35;35,56;0;5;Sweden;Western Europe;Halmstad University;2011-2023;"Business, Management and Accounting (miscellaneous) (Q4); Management Science and Operations Research (Q4)";"Business, Management and Accounting; Decision Sciences"
178;21101050917;Corporate Governance and Organizational Behavior Review;journal;25211889, 25211870;0,164;Q4;7;129;134;7021;165;125;1,27;54,43;38,23;0;58;Ukraine;Eastern Europe;Virtus Interpress;2019-2023;"Finance (Q4); Management Science and Operations Research (Q4); Organizational Behavior and Human Resource Management (Q4)";"Business, Management and Accounting; Decision Sciences; Economics, Econometrics and Finance"
179;13024;Acta Cybernetica;journal;0324721X;0,161;Q4;18;13;70;399;39;67;0,6;30,69;9,52;0;0;Hungary;Eastern Europe;University of Szeged, Institute of Informatics;1990-2023;"Computational Theory and Mathematics (Q4); Computer Science (miscellaneous) (Q4); Computer Vision and Pattern Recognition (Q4); Electrical and Electronic Engineering (Q4); Information Systems and Management (Q4); Management Science and Operations Research (Q4); Software (Q4); Theoretical Computer Science (Q4)";"Computer Science; Decision Sciences; Engineering; Mathematics"
180;21101133222;Queueing Models and Service Management;journal;26162687, 26162679;0,16;Q4;5;0;18;0;8;18;0,3;0;0;0;0;Taiwan;Asiatic Region;Kaoyian Press;2018-2022;"Applied Mathematics (Q4); Management Science and Operations Research (Q4); Modeling and Simulation (Q4); Statistics, Probability and Uncertainty (Q4)";"Decision Sciences; Mathematics"
181;21100927900;Journal of Food Distribution Research;journal;26433354;0,157;Q4;5;21;66;605;21;63;0,33;28,81;56,72;0;7;United States;Northern America;Food Distribution Research Society;2019-2023;"Agronomy and Crop Science (Q4); Economics and Econometrics (Q4); Food Science (Q4); Management Science and Operations Research (Q4); Marketing (Q4)";"Agricultural and Biological Sciences; Business, Management and Accounting; Decision Sciences; Economics, Econometrics and Finance"
182;21101090644;Corporate and Business Strategy Review;journal;27089924, 27084965;0,156;Q4;6;108;74;5380;89;63;1,36;49,81;33,19;0;47;Ukraine;Eastern Europe;Virtus Interpress;2020-2023;"Decision Sciences (miscellaneous) (Q4); Earth and Planetary Sciences (miscellaneous) (Q4); Management Science and Operations Research (Q4); Strategy and Management (Q4)";"Business, Management and Accounting; Decision Sciences; Earth and Planetary Sciences"
183;19400157401;International Journal of Enterprise Network Management;journal;17481252, 17481260;0,151;Q4;13;20;66;1145;35;65;0,69;57,25;33,33;0;7;United Kingdom;Western Europe;Inderscience Enterprises Ltd;2007, 2009-2012, 2014-2023;"Business and International Management (Q4); Management of Technology and Innovation (Q4); Management Science and Operations Research (Q4)";"Business, Management and Accounting; Decision Sciences"
184;22303;Journal of the Operations Research Society of Japan;journal;4534514;0,151;Q4;31;14;31;331;13;31;0,26;23,64;10,34;0;2;Japan;Asiatic Region;Operations Research Society of Japan;1996-2023;"Decision Sciences (miscellaneous) (Q4); Management Science and Operations Research (Q4)";Decision Sciences
185;21100266730;International Journal of Information Systems in the Service Sector;journal;19355688, 19355696;0,148;Q4;15;2;89;63;61;89;0,65;31,5;20;0;1;United States;Northern America;IGI Global Publishing;2009-2023;"Information Systems (Q4); Information Systems and Management (Q4); Management Information Systems (Q4); Management Science and Operations Research (Q4); Strategy and Management (Q4)";"Business, Management and Accounting; Computer Science; Decision Sciences"
186;144786;Journal of Japan Industrial Management Association;journal;13422618, 21879079;0,143;Q4;10;21;69;457;21;68;0,34;21,76;19,67;0;5;Japan;Asiatic Region;Nihon Keikei Kogakkai;2004-2023;"Applied Mathematics (Q4); Industrial and Manufacturing Engineering (Q4); Management Science and Operations Research (Q4); Strategy and Management (Q4)";"Business, Management and Accounting; Decision Sciences; Engineering; Mathematics"
187;21100936539;Revue Europeenne d' Economie et Management des Services;journal;25550284, 24970107;0,131;Q4;4;5;37;247;11;37;0,29;49,4;0;0;4;France;Western Europe;Editions Classiques Garnier;2016-2022;"Management Information Systems (Q4); Management of Technology and Innovation (Q4); Management Science and Operations Research (Q4); Strategy and Management (Q4)";"Business, Management and Accounting; Decision Sciences"
188;21101023676;International Conference on Quality Engineering and Management;conference and proceedings;21843481;0,129;-;4;0;110;0;32;106;0,2;0;0;0;0;Portugal;Western Europe;Universidade do Minho;2020, 2022;"Management of Technology and Innovation; Management Science and Operations Research; Safety, Risk, Reliability and Quality; Strategy and Management";"Business, Management and Accounting; Decision Sciences; Engineering"
189;4700152816;Logistics Journal;journal;18607977;0,129;Q4;7;3;80;51;25;79;0,28;17;37,5;0;0;Germany;Western Europe;Wissenschaftliche Gesellschaft fur Technische Logistik;2006, 2009-2023;"Control and Systems Engineering (Q4); Management Information Systems (Q4); Management Science and Operations Research (Q4)";"Business, Management and Accounting; Decision Sciences; Engineering"
190;21101154818;Neuro-Fuzzy Modeling Techniques in Economics;journal;24153516, 23063289;0,129;Q4;4;0;13;0;14;13;1,08;0;0;0;0;Ukraine;Eastern Europe;Vadym Hetman Kyiv National University of Economics;2019, 2021-2022;"Applied Mathematics (Q4); Economics, Econometrics and Finance (miscellaneous) (Q4); Management Science and Operations Research (Q4); Statistics and Probability (Q4); Statistics, Probability and Uncertainty (Q4)";"Decision Sciences; Economics, Econometrics and Finance; Mathematics"
191;21101083423;Proceedings of the Hamburg International Conference of Logistics;conference and proceedings;23654430, 23655070;0,126;-;3;0;91;0;26;86;0,29;0;0;0;0;Germany;Western Europe;Institute of Business Logistics and General Management, Hamburg University of Technology;2021;"Business, Management and Accounting (miscellaneous); Management Science and Operations Research";"Business, Management and Accounting; Decision Sciences"
192;4700152810;International Journal of Business Process Integration and Management;journal;17418771, 17418763;0,123;Q4;20;0;40;0;13;40;0,12;0;0;0;0;United Kingdom;Western Europe;Inderscience Enterprises Ltd;2005-2015, 2017-2022;"Business and International Management (Q4); Management Science and Operations Research (Q4); Strategy and Management (Q4)";"Business, Management and Accounting; Decision Sciences"
193;21100904665;Contributions to Management Science;book series;2197716X, 14311941;0,119;Q4;22;348;1008;14370;644;2;0,51;41,29;0;0;150;Switzerland;Western Europe;Springer International Publishing;2005-2023;"Business and International Management (Q4); Management of Technology and Innovation (Q4); Management Science and Operations Research (Q4); Marketing (Q4); Strategy and Management (Q4)";"Business, Management and Accounting; Decision Sciences"
194;21100313916;Boletin de Estadistica e Investigacion Operativa;journal;23871725;0,117;Q4;5;24;57;385;6;54;0,1;16,04;47,37;0;3;Spain;Western Europe;Sociedad de Estadistica e Investigacion Operativa;2014-2021;"Management Science and Operations Research (Q4); Statistics, Probability and Uncertainty (Q4)";Decision Sciences
195;17600155037;Journal of Quality;journal;10220690;0,11;Q4;10;22;73;721;10;67;0,16;32,77;45,1;0;7;Taiwan;Asiatic Region;Chinese Society for Quality;2009-2023;"Management Science and Operations Research (Q4); Safety, Risk, Reliability and Quality (Q4)";"Decision Sciences; Engineering"
196;145594;Military Operations Research;journal;2755823;0,109;Q4;15;0;7;0;2;6;0,29;0;0;0;0;United States;Northern America;Military Operations Research Society;2005-2019, 2021-2022;"Civil and Structural Engineering (Q4); Management Science and Operations Research (Q4); Mechanical Engineering (Q4)";"Decision Sciences; Engineering"
197;22473;Quality Progress;journal;0033524X;0,108;Q4;37;0;56;0;4;38;0;0;0;0;0;United States;Northern America;American Society for Quality;1974, 1978-2020;"Industrial and Manufacturing Engineering (Q4); Management Science and Operations Research (Q4); Safety, Risk, Reliability and Quality (Q4); Strategy and Management (Q4)";"Business, Management and Accounting; Decision Sciences; Engineering"
198;4700151732;International Journal of Risk Assessment and Management;journal;14668297, 17415241;0,105;Q4;27;5;45;249;12;44;0,14;49,8;0;0;0;United Kingdom;Western Europe;Inderscience Enterprises Ltd;2000-2003, 2005-2023;"Business and International Management (Q4); Management Science and Operations Research (Q4); Statistics, Probability and Uncertainty (Q4)";"Business, Management and Accounting; Decision Sciences"
199;21101043804;Operations Management Education Review;journal;16497082, 20444567;0,104;Q4;1;0;22;0;2;20;0,13;0;0;0;0;United Kingdom;Western Europe;NeilsonJournals Publishing;2019-2022;"Decision Sciences (miscellaneous) (Q4); Information Systems and Management (Q4); Management Science and Operations Research (Q4)";Decision Sciences
200;21100823806;Series on Concrete and Applicable Mathematics;book series;17931142;;-;1;1;2;36;2;0;1;36;0;0;0;Singapore;Asiatic Region;World Scientific;2017, 2022-2023;"Algebra and Number Theory; Applied Mathematics; Computational Mathematics; Discrete Mathematics and Combinatorics; Management Science and Operations Research; Mathematical Physics; Modeling and Simulation; Statistics and Probability";"Decision Sciences; Mathematics"
